predictor,pearson_r_with_q10_gain,sample_count
frequency_softening,0.6337528210330186,30
damping_shift,0.9026986740701622,30
peak_height_softening,0.6819689377194703,30
width_growth,-0.8903833703707116,30
curvature_softening,0.07711537047107192,30
horizon_expansion,0.897340562746117,30
surface_gravity_growth,0.8682259062214397,30
photon_frequency_softening,0.8750979558974485,30
eikonal_lyapunov_growth,0.8973208424001549,30
